State,year,pop
Alabama,2001-01-01,4467634.0
Alabama,2002-01-01,4480089.0
Alabama,2003-01-01,4503491.0
Alabama,2004-01-01,4530729.0
Alabama,2005-01-01,4569805.0
Alabama,2006-01-01,4628981.0
Alabama,2007-01-01,4672840.0
Alabama,2008-01-01,4718206.0
Alabama,2009-01-01,4757938.0
Alabama,2010-01-01,4785437.0
Alabama,2011-01-01,4799069.0
Alabama,2012-01-01,4815588.0
Alabama,2013-01-01,4830081.0
Alabama,2014-01-01,4841799.0
Alabama,2015-01-01,4852347.0
Alabama,2016-01-01,4863525.0
Alabama,2017-01-01,4874486.0
Alabama,2018-01-01,4887681.0
Alabama,2019-01-01,4903185.0
Alaska,2001-01-01,629516.0
Alaska,2002-01-01,638225.0
Alaska,2003-01-01,644392.0
Alaska,2004-01-01,655227.0
Alaska,2005-01-01,662987.0
Alaska,2006-01-01,671416.0
Alaska,2007-01-01,676402.0
Alaska,2008-01-01,683638.0
Alaska,2009-01-01,695120.0
Alaska,2010-01-01,710691.0
Alaska,2011-01-01,718873.0
Alaska,2012-01-01,727166.0
Alaska,2013-01-01,733777.0
Alaska,2014-01-01,733022.0
Alaska,2015-01-01,734245.0
Alaska,2016-01-01,738196.0
Alaska,2017-01-01,736436.0
Alaska,2018-01-01,731895.0
Alaska,2019-01-01,728279.0
Arizona,2001-01-01,5273477.0
Arizona,2002-01-01,5396255.0
Arizona,2003-01-01,5510364.0
Arizona,2004-01-01,5652404.0
Arizona,2005-01-01,5839077.0
Arizona,2006-01-01,6029141.0
Arizona,2007-01-01,6167681.0
Arizona,2008-01-01,6280362.0
Arizona,2009-01-01,6343154.0
Arizona,2010-01-01,6407172.0
Arizona,2011-01-01,6472643.0
Arizona,2012-01-01,6554978.0
Arizona,2013-01-01,6632764.0
Arizona,2014-01-01,6730413.0
Arizona,2015-01-01,6829676.0
Arizona,2016-01-01,6941072.0
Arizona,2017-01-01,7044008.0
Arizona,2018-01-01,7158024.0
Arizona,2019-01-01,7278717.0
Arkansas,2001-01-01,2691571.0
Arkansas,2002-01-01,2705927.0
Arkansas,2003-01-01,2724816.0
Arkansas,2004-01-01,2749686.0
Arkansas,2005-01-01,2781097.0
Arkansas,2006-01-01,2821761.0
Arkansas,2007-01-01,2848650.0
Arkansas,2008-01-01,2874554.0
Arkansas,2009-01-01,2896843.0
Arkansas,2010-01-01,2921964.0
Arkansas,2011-01-01,2940667.0
Arkansas,2012-01-01,2952164.0
Arkansas,2013-01-01,2959400.0
Arkansas,2014-01-01,2967392.0
Arkansas,2015-01-01,2978048.0
Arkansas,2016-01-01,2989918.0
Arkansas,2017-01-01,3001345.0
Arkansas,2018-01-01,3009733.0
Arkansas,2019-01-01,3017804.0
California,2001-01-01,34479458.0
California,2002-01-01,34871843.0
California,2003-01-01,35253159.0
California,2004-01-01,35574576.0
California,2005-01-01,35827943.0
California,2006-01-01,36021202.0
California,2007-01-01,36250311.0
California,2008-01-01,36604337.0
California,2009-01-01,36961229.0
California,2010-01-01,37319502.0
California,2011-01-01,37638369.0
California,2012-01-01,37948800.0
California,2013-01-01,38260787.0
California,2014-01-01,38596972.0
California,2015-01-01,38918045.0
California,2016-01-01,39167117.0
California,2017-01-01,39358497.0
California,2018-01-01,39461588.0
California,2019-01-01,39512223.0
Colorado,2001-01-01,4425687.0
Colorado,2002-01-01,4490406.0
Colorado,2003-01-01,4528732.0
Colorado,2004-01-01,4575013.0
Colorado,2005-01-01,4631888.0
Colorado,2006-01-01,4720423.0
Colorado,2007-01-01,4803868.0
Colorado,2008-01-01,4889730.0
Colorado,2009-01-01,4972195.0
Colorado,2010-01-01,5047349.0
Colorado,2011-01-01,5121108.0
Colorado,2012-01-01,5192647.0
Colorado,2013-01-01,5269035.0
Colorado,2014-01-01,5350101.0
Colorado,2015-01-01,5450623.0
Colorado,2016-01-01,5539215.0
Colorado,2017-01-01,5611885.0
Colorado,2018-01-01,5691287.0
Colorado,2019-01-01,5758736.0
Connecticut,2001-01-01,3432835.0
Connecticut,2002-01-01,3458749.0
Connecticut,2003-01-01,3484336.0
Connecticut,2004-01-01,3496094.0
Connecticut,2005-01-01,3506956.0
Connecticut,2006-01-01,3517460.0
Connecticut,2007-01-01,3527270.0
Connecticut,2008-01-01,3545579.0
Connecticut,2009-01-01,3561807.0
Connecticut,2010-01-01,3579114.0
Connecticut,2011-01-01,3588283.0
Connecticut,2012-01-01,3594547.0
Connecticut,2013-01-01,3594841.0
Connecticut,2014-01-01,3594524.0
Connecticut,2015-01-01,3587122.0
Connecticut,2016-01-01,3578141.0
Connecticut,2017-01-01,3573297.0
Connecticut,2018-01-01,3571520.0
Connecticut,2019-01-01,3565287.0
Delaware,2001-01-01,795699.0
Delaware,2002-01-01,806169.0
Delaware,2003-01-01,818003.0
Delaware,2004-01-01,830803.0
Delaware,2005-01-01,845150.0
Delaware,2006-01-01,859268.0
Delaware,2007-01-01,871749.0
Delaware,2008-01-01,883874.0
Delaware,2009-01-01,891730.0
Delaware,2010-01-01,899593.0
Delaware,2011-01-01,907381.0
Delaware,2012-01-01,915179.0
Delaware,2013-01-01,923576.0
Delaware,2014-01-01,932487.0
Delaware,2015-01-01,941252.0
Delaware,2016-01-01,948921.0
Delaware,2017-01-01,956823.0
Delaware,2018-01-01,965479.0
Delaware,2019-01-01,973764.0
District of Columbia,2001-01-01,574504.0
District of Columbia,2002-01-01,573158.0
District of Columbia,2003-01-01,568502.0
District of Columbia,2004-01-01,567754.0
District of Columbia,2005-01-01,567136.0
District of Columbia,2006-01-01,570681.0
District of Columbia,2007-01-01,574404.0
District of Columbia,2008-01-01,580236.0
District of Columbia,2009-01-01,592228.0
District of Columbia,2010-01-01,605226.0
District of Columbia,2011-01-01,619800.0
District of Columbia,2012-01-01,634924.0
District of Columbia,2013-01-01,650581.0
District of Columbia,2014-01-01,662328.0
District of Columbia,2015-01-01,675400.0
District of Columbia,2016-01-01,685815.0
District of Columbia,2017-01-01,694906.0
District of Columbia,2018-01-01,701547.0
District of Columbia,2019-01-01,705749.0
Florida,2001-01-01,16356966.0
Florida,2002-01-01,16689370.0
Florida,2003-01-01,17004085.0
Florida,2004-01-01,17415318.0
Florida,2005-01-01,17842038.0
Florida,2006-01-01,18166990.0
Florida,2007-01-01,18367842.0
Florida,2008-01-01,18527305.0
Florida,2009-01-01,18652644.0
Florida,2010-01-01,18845537.0
Florida,2011-01-01,19053237.0
Florida,2012-01-01,19297822.0
Florida,2013-01-01,19545621.0
Florida,2014-01-01,19845911.0
Florida,2015-01-01,20209042.0
Florida,2016-01-01,20613477.0
Florida,2017-01-01,20963613.0
Florida,2018-01-01,21244317.0
Florida,2019-01-01,21477737.0
Georgia,2001-01-01,8377038.0
Georgia,2002-01-01,8508256.0
Georgia,2003-01-01,8622793.0
Georgia,2004-01-01,8769252.0
Georgia,2005-01-01,8925922.0
Georgia,2006-01-01,9155813.0
Georgia,2007-01-01,9349988.0
Georgia,2008-01-01,9504843.0
Georgia,2009-01-01,9620846.0
Georgia,2010-01-01,9711881.0
Georgia,2011-01-01,9802431.0
Georgia,2012-01-01,9901430.0
Georgia,2013-01-01,9972479.0
Georgia,2014-01-01,10067278.0
Georgia,2015-01-01,10178447.0
Georgia,2016-01-01,10301890.0
Georgia,2017-01-01,10410330.0
Georgia,2018-01-01,10511131.0
Georgia,2019-01-01,10617423.0
Hawaii,2001-01-01,1225948.0
Hawaii,2002-01-01,1239613.0
Hawaii,2003-01-01,1251154.0
Hawaii,2004-01-01,1273569.0
Hawaii,2005-01-01,1292729.0
Hawaii,2006-01-01,1309731.0
Hawaii,2007-01-01,1315675.0
Hawaii,2008-01-01,1332213.0
Hawaii,2009-01-01,1346717.0
Hawaii,2010-01-01,1363963.0
Hawaii,2011-01-01,1379329.0
Hawaii,2012-01-01,1394804.0
Hawaii,2013-01-01,1408243.0
Hawaii,2014-01-01,1414538.0
Hawaii,2015-01-01,1422052.0
Hawaii,2016-01-01,1427559.0
Hawaii,2017-01-01,1424393.0
Hawaii,2018-01-01,1420593.0
Hawaii,2019-01-01,1415872.0
Idaho,2001-01-01,1319962.0
Idaho,2002-01-01,1340372.0
Idaho,2003-01-01,1363380.0
Idaho,2004-01-01,1391802.0
Idaho,2005-01-01,1428241.0
Idaho,2006-01-01,1468669.0
Idaho,2007-01-01,1505105.0
Idaho,2008-01-01,1534320.0
Idaho,2009-01-01,1554439.0
Idaho,2010-01-01,1570746.0
Idaho,2011-01-01,1583910.0
Idaho,2012-01-01,1595324.0
Idaho,2013-01-01,1611206.0
Idaho,2014-01-01,1631112.0
Idaho,2015-01-01,1651059.0
Idaho,2016-01-01,1682380.0
Idaho,2017-01-01,1717715.0
Idaho,2018-01-01,1750536.0
Idaho,2019-01-01,1787065.0
Illinois,2001-01-01,12488445.0
Illinois,2002-01-01,12525556.0
Illinois,2003-01-01,12556006.0
Illinois,2004-01-01,12589773.0
Illinois,2005-01-01,12609903.0
Illinois,2006-01-01,12643955.0
Illinois,2007-01-01,12695866.0
Illinois,2008-01-01,12747038.0
Illinois,2009-01-01,12796778.0
Illinois,2010-01-01,12840503.0
Illinois,2011-01-01,12867454.0
Illinois,2012-01-01,12882510.0
Illinois,2013-01-01,12895129.0
Illinois,2014-01-01,12884493.0
Illinois,2015-01-01,12858913.0
Illinois,2016-01-01,12820527.0
Illinois,2017-01-01,12778828.0
Illinois,2018-01-01,12723071.0
Illinois,2019-01-01,12671821.0
Indiana,2001-01-01,6127760.0
Indiana,2002-01-01,6155967.0
Indiana,2003-01-01,6196638.0
Indiana,2004-01-01,6233007.0
Indiana,2005-01-01,6278616.0
Indiana,2006-01-01,6332669.0
Indiana,2007-01-01,6379599.0
Indiana,2008-01-01,6424806.0
Indiana,2009-01-01,6459325.0
Indiana,2010-01-01,6490432.0
Indiana,2011-01-01,6516528.0
Indiana,2012-01-01,6537703.0
Indiana,2013-01-01,6568713.0
Indiana,2014-01-01,6593644.0
Indiana,2015-01-01,6608422.0
Indiana,2016-01-01,6634304.0
Indiana,2017-01-01,6658078.0
Indiana,2018-01-01,6695497.0
Indiana,2019-01-01,6732219.0
Iowa,2001-01-01,2931997.0
Iowa,2002-01-01,2934234.0
Iowa,2003-01-01,2941999.0
Iowa,2004-01-01,2953635.0
Iowa,2005-01-01,2964454.0
Iowa,2006-01-01,2982644.0
Iowa,2007-01-01,2999212.0
Iowa,2008-01-01,3016734.0
Iowa,2009-01-01,3032870.0
Iowa,2010-01-01,3050745.0
Iowa,2011-01-01,3066336.0
Iowa,2012-01-01,3076190.0
Iowa,2013-01-01,3092997.0
Iowa,2014-01-01,3109350.0
Iowa,2015-01-01,3120960.0
Iowa,2016-01-01,3131371.0
Iowa,2017-01-01,3141550.0
Iowa,2018-01-01,3148618.0
Iowa,2019-01-01,3155070.0
Kansas,2001-01-01,2702162.0
Kansas,2002-01-01,2713535.0
Kansas,2003-01-01,2723004.0
Kansas,2004-01-01,2734373.0
Kansas,2005-01-01,2745299.0
Kansas,2006-01-01,2762931.0
Kansas,2007-01-01,2783785.0
Kansas,2008-01-01,2808076.0
Kansas,2009-01-01,2832704.0
Kansas,2010-01-01,2858190.0
Kansas,2011-01-01,2869225.0
Kansas,2012-01-01,2885257.0
Kansas,2013-01-01,2893212.0
Kansas,2014-01-01,2900475.0
Kansas,2015-01-01,2909011.0
Kansas,2016-01-01,2910844.0
Kansas,2017-01-01,2908718.0
Kansas,2018-01-01,2911359.0
Kansas,2019-01-01,2913314.0
Kentucky,2001-01-01,4068132.0
Kentucky,2002-01-01,4089875.0
Kentucky,2003-01-01,4117170.0
Kentucky,2004-01-01,4146101.0
Kentucky,2005-01-01,4182742.0
Kentucky,2006-01-01,4219239.0
Kentucky,2007-01-01,4256672.0
Kentucky,2008-01-01,4289878.0
Kentucky,2009-01-01,4317074.0
Kentucky,2010-01-01,4348181.0
Kentucky,2011-01-01,4369821.0
Kentucky,2012-01-01,4386346.0
Kentucky,2013-01-01,4404659.0
Kentucky,2014-01-01,4414349.0
Kentucky,2015-01-01,4425976.0
Kentucky,2016-01-01,4438182.0
Kentucky,2017-01-01,4452268.0
Kentucky,2018-01-01,4461153.0
Kentucky,2019-01-01,4467673.0
Louisiana,2001-01-01,4477875.0
Louisiana,2002-01-01,4497267.0
Louisiana,2003-01-01,4521042.0
Louisiana,2004-01-01,4552238.0
Louisiana,2005-01-01,4576628.0
Louisiana,2006-01-01,4302665.0
Louisiana,2007-01-01,4375581.0
Louisiana,2008-01-01,4435586.0
Louisiana,2009-01-01,4491648.0
Louisiana,2010-01-01,4544532.0
Louisiana,2011-01-01,4575625.0
Louisiana,2012-01-01,4600972.0
Louisiana,2013-01-01,4624527.0
Louisiana,2014-01-01,4644013.0
Louisiana,2015-01-01,4664628.0
Louisiana,2016-01-01,4678135.0
Louisiana,2017-01-01,4670560.0
Louisiana,2018-01-01,4659690.0
Louisiana,2019-01-01,4648794.0
Maine,2001-01-01,1285692.0
Maine,2002-01-01,1295960.0
Maine,2003-01-01,1306513.0
Maine,2004-01-01,1313688.0
Maine,2005-01-01,1318787.0
Maine,2006-01-01,1323619.0
Maine,2007-01-01,1327040.0
Maine,2008-01-01,1330509.0
Maine,2009-01-01,1329590.0
Maine,2010-01-01,1327629.0
Maine,2011-01-01,1328284.0
Maine,2012-01-01,1327729.0
Maine,2013-01-01,1328009.0
Maine,2014-01-01,1330513.0
Maine,2015-01-01,1328262.0
Maine,2016-01-01,1331317.0
Maine,2017-01-01,1334612.0
Maine,2018-01-01,1339057.0
Maine,2019-01-01,1344212.0
Maryland,2001-01-01,5374691.0
Maryland,2002-01-01,5440389.0
Maryland,2003-01-01,5496269.0
Maryland,2004-01-01,5546935.0
Maryland,2005-01-01,5592379.0
Maryland,2006-01-01,5627367.0
Maryland,2007-01-01,5653408.0
Maryland,2008-01-01,5684965.0
Maryland,2009-01-01,5730388.0
Maryland,2010-01-01,5788645.0
Maryland,2011-01-01,5839419.0
Maryland,2012-01-01,5886992.0
Maryland,2013-01-01,5923188.0
Maryland,2014-01-01,5957283.0
Maryland,2015-01-01,5985562.0
Maryland,2016-01-01,6003323.0
Maryland,2017-01-01,6023868.0
Maryland,2018-01-01,6035802.0
Maryland,2019-01-01,6045680.0
Massachusetts,2001-01-01,6397634.0
Massachusetts,2002-01-01,6417206.0
Massachusetts,2003-01-01,6422565.0
Massachusetts,2004-01-01,6412281.0
Massachusetts,2005-01-01,6403290.0
Massachusetts,2006-01-01,6410084.0
Massachusetts,2007-01-01,6431559.0
Massachusetts,2008-01-01,6468967.0
Massachusetts,2009-01-01,6517613.0
Massachusetts,2010-01-01,6566307.0
Massachusetts,2011-01-01,6613583.0
Massachusetts,2012-01-01,6663005.0
Massachusetts,2013-01-01,6713315.0
Massachusetts,2014-01-01,6762596.0
Massachusetts,2015-01-01,6794228.0
Massachusetts,2016-01-01,6823608.0
Massachusetts,2017-01-01,6859789.0
Massachusetts,2018-01-01,6882635.0
Massachusetts,2019-01-01,6892503.0
Michigan,2001-01-01,9991120.0
Michigan,2002-01-01,10015710.0
Michigan,2003-01-01,10041152.0
Michigan,2004-01-01,10055315.0
Michigan,2005-01-01,10051137.0
Michigan,2006-01-01,10036081.0
Michigan,2007-01-01,10001284.0
Michigan,2008-01-01,9946889.0
Michigan,2009-01-01,9901591.0
Michigan,2010-01-01,9877510.0
Michigan,2011-01-01,9882412.0
Michigan,2012-01-01,9897145.0
Michigan,2013-01-01,9913065.0
Michigan,2014-01-01,9929848.0
Michigan,2015-01-01,9931715.0
Michigan,2016-01-01,9950571.0
Michigan,2017-01-01,9973114.0
Michigan,2018-01-01,9984072.0
Michigan,2019-01-01,9986857.0
Minnesota,2001-01-01,4982796.0
Minnesota,2002-01-01,5018935.0
Minnesota,2003-01-01,5053572.0
Minnesota,2004-01-01,5087713.0
Minnesota,2005-01-01,5119598.0
Minnesota,2006-01-01,5163555.0
Minnesota,2007-01-01,5207203.0
Minnesota,2008-01-01,5247018.0
Minnesota,2009-01-01,5281203.0
Minnesota,2010-01-01,5310828.0
Minnesota,2011-01-01,5346143.0
Minnesota,2012-01-01,5376643.0
Minnesota,2013-01-01,5413479.0
Minnesota,2014-01-01,5451079.0
Minnesota,2015-01-01,5482032.0
Minnesota,2016-01-01,5522744.0
Minnesota,2017-01-01,5566230.0
Minnesota,2018-01-01,5606249.0
Minnesota,2019-01-01,5639632.0
Mississippi,2001-01-01,2852994.0
Mississippi,2002-01-01,2858681.0
Mississippi,2003-01-01,2868312.0
Mississippi,2004-01-01,2889010.0
Mississippi,2005-01-01,2905943.0
Mississippi,2006-01-01,2904978.0
Mississippi,2007-01-01,2928350.0
Mississippi,2008-01-01,2947806.0
Mississippi,2009-01-01,2958774.0
Mississippi,2010-01-01,2970548.0
Mississippi,2011-01-01,2978731.0
Mississippi,2012-01-01,2983816.0
Mississippi,2013-01-01,2988711.0
Mississippi,2014-01-01,2990468.0
Mississippi,2015-01-01,2988471.0
Mississippi,2016-01-01,2987938.0
Mississippi,2017-01-01,2988510.0
Mississippi,2018-01-01,2981020.0
Mississippi,2019-01-01,2976149.0
Missouri,2001-01-01,5641142.0
Missouri,2002-01-01,5674825.0
Missouri,2003-01-01,5709403.0
Missouri,2004-01-01,5747741.0
Missouri,2005-01-01,5790300.0
Missouri,2006-01-01,5842704.0
Missouri,2007-01-01,5887612.0
Missouri,2008-01-01,5923916.0
Missouri,2009-01-01,5961088.0
Missouri,2010-01-01,5995974.0
Missouri,2011-01-01,6010275.0
Missouri,2012-01-01,6024367.0
Missouri,2013-01-01,6040715.0
Missouri,2014-01-01,6056202.0
Missouri,2015-01-01,6071732.0
Missouri,2016-01-01,6087135.0
Missouri,2017-01-01,6106670.0
Missouri,2018-01-01,6121623.0
Missouri,2019-01-01,6137428.0
Montana,2001-01-01,906961.0
Montana,2002-01-01,911667.0
Montana,2003-01-01,919630.0
Montana,2004-01-01,930009.0
Montana,2005-01-01,940102.0
Montana,2006-01-01,952692.0
Montana,2007-01-01,964706.0
Montana,2008-01-01,976415.0
Montana,2009-01-01,983982.0
Montana,2010-01-01,990697.0
Montana,2011-01-01,997316.0
Montana,2012-01-01,1003783.0
Montana,2013-01-01,1013569.0
Montana,2014-01-01,1021869.0
Montana,2015-01-01,1030475.0
Montana,2016-01-01,1040859.0
Montana,2017-01-01,1052482.0
Montana,2018-01-01,1060665.0
Montana,2019-01-01,1068778.0
Nebraska,2001-01-01,1719836.0
Nebraska,2002-01-01,1728292.0
Nebraska,2003-01-01,1738643.0
Nebraska,2004-01-01,1749370.0
Nebraska,2005-01-01,1761497.0
Nebraska,2006-01-01,1772693.0
Nebraska,2007-01-01,1783440.0
Nebraska,2008-01-01,1796378.0
Nebraska,2009-01-01,1812683.0
Nebraska,2010-01-01,1829542.0
Nebraska,2011-01-01,1840672.0
Nebraska,2012-01-01,1853303.0
Nebraska,2013-01-01,1865279.0
Nebraska,2014-01-01,1879321.0
Nebraska,2015-01-01,1891277.0
Nebraska,2016-01-01,1905616.0
Nebraska,2017-01-01,1915947.0
Nebraska,2018-01-01,1925614.0
Nebraska,2019-01-01,1934408.0
Nevada,2001-01-01,2098399.0
Nevada,2002-01-01,2173791.0
Nevada,2003-01-01,2248850.0
Nevada,2004-01-01,2346222.0
Nevada,2005-01-01,2432143.0
Nevada,2006-01-01,2522658.0
Nevada,2007-01-01,2601072.0
Nevada,2008-01-01,2653630.0
Nevada,2009-01-01,2684665.0
Nevada,2010-01-01,2702405.0
Nevada,2011-01-01,2712730.0
Nevada,2012-01-01,2743996.0
Nevada,2013-01-01,2775970.0
Nevada,2014-01-01,2817628.0
Nevada,2015-01-01,2866939.0
Nevada,2016-01-01,2917563.0
Nevada,2017-01-01,2969905.0
Nevada,2018-01-01,3027341.0
Nevada,2019-01-01,3080156.0
New Hampshire,2001-01-01,1255517.0
New Hampshire,2002-01-01,1269089.0
New Hampshire,2003-01-01,1279840.0
New Hampshire,2004-01-01,1290121.0
New Hampshire,2005-01-01,1298492.0
New Hampshire,2006-01-01,1308389.0
New Hampshire,2007-01-01,1312540.0
New Hampshire,2008-01-01,1315906.0
New Hampshire,2009-01-01,1316102.0
New Hampshire,2010-01-01,1316762.0
New Hampshire,2011-01-01,1320202.0
New Hampshire,2012-01-01,1324232.0
New Hampshire,2013-01-01,1326622.0
New Hampshire,2014-01-01,1333341.0
New Hampshire,2015-01-01,1336350.0
New Hampshire,2016-01-01,1342307.0
New Hampshire,2017-01-01,1348787.0
New Hampshire,2018-01-01,1353465.0
New Hampshire,2019-01-01,1359711.0
New Jersey,2001-01-01,8492671.0
New Jersey,2002-01-01,8552643.0
New Jersey,2003-01-01,8601402.0
New Jersey,2004-01-01,8634561.0
New Jersey,2005-01-01,8651974.0
New Jersey,2006-01-01,8661679.0
New Jersey,2007-01-01,8677885.0
New Jersey,2008-01-01,8711090.0
New Jersey,2009-01-01,8755602.0
New Jersey,2010-01-01,8799446.0
New Jersey,2011-01-01,8828117.0
New Jersey,2012-01-01,8844942.0
New Jersey,2013-01-01,8856972.0
New Jersey,2014-01-01,8864525.0
New Jersey,2015-01-01,8867949.0
New Jersey,2016-01-01,8870827.0
New Jersey,2017-01-01,8885525.0
New Jersey,2018-01-01,8886025.0
New Jersey,2019-01-01,8882190.0
New Mexico,2001-01-01,1831690.0
New Mexico,2002-01-01,1855309.0
New Mexico,2003-01-01,1877574.0
New Mexico,2004-01-01,1903808.0
New Mexico,2005-01-01,1932274.0
New Mexico,2006-01-01,1962137.0
New Mexico,2007-01-01,1990070.0
New Mexico,2008-01-01,2010662.0
New Mexico,2009-01-01,2036802.0
New Mexico,2010-01-01,2064552.0
New Mexico,2011-01-01,2080450.0
New Mexico,2012-01-01,2087309.0
New Mexico,2013-01-01,2092273.0
New Mexico,2014-01-01,2089568.0
New Mexico,2015-01-01,2089291.0
New Mexico,2016-01-01,2091630.0
New Mexico,2017-01-01,2091784.0
New Mexico,2018-01-01,2092741.0
New Mexico,2019-01-01,2096829.0
New York,2001-01-01,19082838.0
New York,2002-01-01,19137800.0
New York,2003-01-01,19175939.0
New York,2004-01-01,19171567.0
New York,2005-01-01,19132610.0
New York,2006-01-01,19104631.0
New York,2007-01-01,19132335.0
New York,2008-01-01,19212436.0
New York,2009-01-01,19307066.0
New York,2010-01-01,19399878.0
New York,2011-01-01,19499241.0
New York,2012-01-01,19572932.0
New York,2013-01-01,19624447.0
New York,2014-01-01,19651049.0
New York,2015-01-01,19654666.0
New York,2016-01-01,19633428.0
New York,2017-01-01,19589572.0
New York,2018-01-01,19530351.0
New York,2019-01-01,19453561.0
North Carolina,2001-01-01,8210122.0
North Carolina,2002-01-01,8326201.0
North Carolina,2003-01-01,8422501.0
North Carolina,2004-01-01,8553152.0
North Carolina,2005-01-01,8705407.0
North Carolina,2006-01-01,8917270.0
North Carolina,2007-01-01,9118037.0
North Carolina,2008-01-01,9309449.0
North Carolina,2009-01-01,9449566.0
North Carolina,2010-01-01,9574323.0
North Carolina,2011-01-01,9657592.0
North Carolina,2012-01-01,9749476.0
North Carolina,2013-01-01,9843336.0
North Carolina,2014-01-01,9932887.0
North Carolina,2015-01-01,10031646.0
North Carolina,2016-01-01,10154788.0
North Carolina,2017-01-01,10268233.0
North Carolina,2018-01-01,10381615.0
North Carolina,2019-01-01,10488084.0
North Dakota,2001-01-01,639062.0
North Dakota,2002-01-01,638168.0
North Dakota,2003-01-01,638817.0
North Dakota,2004-01-01,644705.0
North Dakota,2005-01-01,646089.0
North Dakota,2006-01-01,649422.0
North Dakota,2007-01-01,652822.0
North Dakota,2008-01-01,657569.0
North Dakota,2009-01-01,664968.0
North Dakota,2010-01-01,674715.0
North Dakota,2011-01-01,685225.0
North Dakota,2012-01-01,701176.0
North Dakota,2013-01-01,722036.0
North Dakota,2014-01-01,737401.0
North Dakota,2015-01-01,754066.0
North Dakota,2016-01-01,754434.0
North Dakota,2017-01-01,754942.0
North Dakota,2018-01-01,758080.0
North Dakota,2019-01-01,762062.0
Ohio,2001-01-01,11387404.0
Ohio,2002-01-01,11407889.0
Ohio,2003-01-01,11434788.0
Ohio,2004-01-01,11452251.0
Ohio,2005-01-01,11463320.0
Ohio,2006-01-01,11481213.0
Ohio,2007-01-01,11500468.0
Ohio,2008-01-01,11515391.0
Ohio,2009-01-01,11528896.0
Ohio,2010-01-01,11539336.0
Ohio,2011-01-01,11544663.0
Ohio,2012-01-01,11548923.0
Ohio,2013-01-01,11576684.0
Ohio,2014-01-01,11602700.0
Ohio,2015-01-01,11617527.0
Ohio,2016-01-01,11634370.0
Ohio,2017-01-01,11659650.0
Ohio,2018-01-01,11676341.0
Ohio,2019-01-01,11689100.0
Oklahoma,2001-01-01,3467100.0
Oklahoma,2002-01-01,3489080.0
Oklahoma,2003-01-01,3504892.0
Oklahoma,2004-01-01,3525233.0
Oklahoma,2005-01-01,3548597.0
Oklahoma,2006-01-01,3594090.0
Oklahoma,2007-01-01,3634349.0
Oklahoma,2008-01-01,3668976.0
Oklahoma,2009-01-01,3717572.0
Oklahoma,2010-01-01,3759944.0
Oklahoma,2011-01-01,3788379.0
Oklahoma,2012-01-01,3818814.0
Oklahoma,2013-01-01,3853214.0
Oklahoma,2014-01-01,3878187.0
Oklahoma,2015-01-01,3909500.0
Oklahoma,2016-01-01,3926331.0
Oklahoma,2017-01-01,3931316.0
Oklahoma,2018-01-01,3940235.0
Oklahoma,2019-01-01,3956971.0
Oregon,2001-01-01,3467937.0
Oregon,2002-01-01,3513424.0
Oregon,2003-01-01,3547376.0
Oregon,2004-01-01,3569463.0
Oregon,2005-01-01,3613202.0
Oregon,2006-01-01,3670883.0
Oregon,2007-01-01,3722417.0
Oregon,2008-01-01,3768748.0
Oregon,2009-01-01,3808600.0
Oregon,2010-01-01,3837491.0
Oregon,2011-01-01,3872036.0
Oregon,2012-01-01,3899001.0
Oregon,2013-01-01,3922468.0
Oregon,2014-01-01,3963244.0
Oregon,2015-01-01,4015792.0
Oregon,2016-01-01,4089976.0
Oregon,2017-01-01,4143625.0
Oregon,2018-01-01,4181886.0
Oregon,2019-01-01,4217737.0
Pennsylvania,2001-01-01,12298970.0
Pennsylvania,2002-01-01,12331031.0
Pennsylvania,2003-01-01,12374658.0
Pennsylvania,2004-01-01,12410722.0
Pennsylvania,2005-01-01,12449990.0
Pennsylvania,2006-01-01,12510809.0
Pennsylvania,2007-01-01,12563937.0
Pennsylvania,2008-01-01,12612285.0
Pennsylvania,2009-01-01,12666858.0
Pennsylvania,2010-01-01,12711160.0
Pennsylvania,2011-01-01,12745815.0
Pennsylvania,2012-01-01,12767118.0
Pennsylvania,2013-01-01,12776309.0
Pennsylvania,2014-01-01,12788313.0
Pennsylvania,2015-01-01,12784826.0
Pennsylvania,2016-01-01,12782275.0
Pennsylvania,2017-01-01,12787641.0
Pennsylvania,2018-01-01,12800922.0
Pennsylvania,2019-01-01,12801989.0
Rhode Island,2001-01-01,1057142.0
Rhode Island,2002-01-01,1065995.0
Rhode Island,2003-01-01,1071342.0
Rhode Island,2004-01-01,1074579.0
Rhode Island,2005-01-01,1067916.0
Rhode Island,2006-01-01,1063096.0
Rhode Island,2007-01-01,1057315.0
Rhode Island,2008-01-01,1055003.0
Rhode Island,2009-01-01,1053646.0
Rhode Island,2010-01-01,1053959.0
Rhode Island,2011-01-01,1053649.0
Rhode Island,2012-01-01,1054621.0
Rhode Island,2013-01-01,1055081.0
Rhode Island,2014-01-01,1055936.0
Rhode Island,2015-01-01,1056065.0
Rhode Island,2016-01-01,1056770.0
Rhode Island,2017-01-01,1055673.0
Rhode Island,2018-01-01,1058287.0
Rhode Island,2019-01-01,1059361.0
South Carolina,2001-01-01,4064995.0
South Carolina,2002-01-01,4107795.0
South Carolina,2003-01-01,4150297.0
South Carolina,2004-01-01,4210921.0
South Carolina,2005-01-01,4270150.0
South Carolina,2006-01-01,4357847.0
South Carolina,2007-01-01,4444110.0
South Carolina,2008-01-01,4528996.0
South Carolina,2009-01-01,4589872.0
South Carolina,2010-01-01,4635649.0
South Carolina,2011-01-01,4671994.0
South Carolina,2012-01-01,4717354.0
South Carolina,2013-01-01,4764080.0
South Carolina,2014-01-01,4823617.0
South Carolina,2015-01-01,4891938.0
South Carolina,2016-01-01,4957968.0
South Carolina,2017-01-01,5021268.0
South Carolina,2018-01-01,5084156.0
South Carolina,2019-01-01,5148714.0
South Dakota,2001-01-01,757972.0
South Dakota,2002-01-01,760020.0
South Dakota,2003-01-01,763729.0
South Dakota,2004-01-01,770396.0
South Dakota,2005-01-01,775493.0
South Dakota,2006-01-01,783033.0
South Dakota,2007-01-01,791623.0
South Dakota,2008-01-01,799124.0
South Dakota,2009-01-01,807067.0
South Dakota,2010-01-01,816166.0
South Dakota,2011-01-01,823579.0
South Dakota,2012-01-01,833566.0
South Dakota,2013-01-01,842316.0
South Dakota,2014-01-01,849129.0
South Dakota,2015-01-01,853988.0
South Dakota,2016-01-01,862996.0
South Dakota,2017-01-01,872868.0
South Dakota,2018-01-01,878698.0
South Dakota,2019-01-01,884659.0
Tennessee,2001-01-01,5750789.0
Tennessee,2002-01-01,5795918.0
Tennessee,2003-01-01,5847812.0
Tennessee,2004-01-01,5910809.0
Tennessee,2005-01-01,5991057.0
Tennessee,2006-01-01,6088766.0
Tennessee,2007-01-01,6175727.0
Tennessee,2008-01-01,6247411.0
Tennessee,2009-01-01,6306019.0
Tennessee,2010-01-01,6355311.0
Tennessee,2011-01-01,6399291.0
Tennessee,2012-01-01,6453898.0
Tennessee,2013-01-01,6494340.0
Tennessee,2014-01-01,6541223.0
Tennessee,2015-01-01,6591170.0
Tennessee,2016-01-01,6646010.0
Tennessee,2017-01-01,6708799.0
Tennessee,2018-01-01,6771631.0
Tennessee,2019-01-01,6829174.0
Texas,2001-01-01,21319622.0
Texas,2002-01-01,21690325.0
Texas,2003-01-01,22030931.0
Texas,2004-01-01,22394023.0
Texas,2005-01-01,22778123.0
Texas,2006-01-01,23359580.0
Texas,2007-01-01,23831983.0
Texas,2008-01-01,24309039.0
Texas,2009-01-01,24801761.0
Texas,2010-01-01,25241971.0
Texas,2011-01-01,25645629.0
Texas,2012-01-01,26084481.0
Texas,2013-01-01,26480266.0
Texas,2014-01-01,26964333.0
Texas,2015-01-01,27470056.0
Texas,2016-01-01,27914410.0
Texas,2017-01-01,28295273.0
Texas,2018-01-01,28628666.0
Texas,2019-01-01,28995881.0
Utah,2001-01-01,2283715.0
Utah,2002-01-01,2324815.0
Utah,2003-01-01,2360137.0
Utah,2004-01-01,2401580.0
Utah,2005-01-01,2457719.0
Utah,2006-01-01,2525507.0
Utah,2007-01-01,2597746.0
Utah,2008-01-01,2663029.0
Utah,2009-01-01,2723421.0
Utah,2010-01-01,2775332.0
Utah,2011-01-01,2814384.0
Utah,2012-01-01,2853375.0
Utah,2013-01-01,2897640.0
Utah,2014-01-01,2936879.0
Utah,2015-01-01,2981835.0
Utah,2016-01-01,3041868.0
Utah,2017-01-01,3101042.0
Utah,2018-01-01,3153550.0
Utah,2019-01-01,3205958.0
Vermont,2001-01-01,612223.0
Vermont,2002-01-01,615442.0
Vermont,2003-01-01,617858.0
Vermont,2004-01-01,619920.0
Vermont,2005-01-01,621215.0
Vermont,2006-01-01,622892.0
Vermont,2007-01-01,623481.0
Vermont,2008-01-01,624151.0
Vermont,2009-01-01,624817.0
Vermont,2010-01-01,625879.0
Vermont,2011-01-01,627049.0
Vermont,2012-01-01,626090.0
Vermont,2013-01-01,626210.0
Vermont,2014-01-01,625214.0
Vermont,2015-01-01,625216.0
Vermont,2016-01-01,623657.0
Vermont,2017-01-01,624344.0
Vermont,2018-01-01,624358.0
Vermont,2019-01-01,623989.0
Virginia,2001-01-01,7198362.0
Virginia,2002-01-01,7286873.0
Virginia,2003-01-01,7366977.0
Virginia,2004-01-01,7475575.0
Virginia,2005-01-01,7577105.0
Virginia,2006-01-01,7673725.0
Virginia,2007-01-01,7751000.0
Virginia,2008-01-01,7833496.0
Virginia,2009-01-01,7925937.0
Virginia,2010-01-01,8023699.0
Virginia,2011-01-01,8101155.0
Virginia,2012-01-01,8185080.0
Virginia,2013-01-01,8252427.0
Virginia,2014-01-01,8310993.0
Virginia,2015-01-01,8361808.0
Virginia,2016-01-01,8410106.0
Virginia,2017-01-01,8463587.0
Virginia,2018-01-01,8501286.0
Virginia,2019-01-01,8535519.0
Washington,2001-01-01,5985722.0
Washington,2002-01-01,6052349.0
Washington,2003-01-01,6104115.0
Washington,2004-01-01,6178645.0
Washington,2005-01-01,6257305.0
Washington,2006-01-01,6370753.0
Washington,2007-01-01,6461587.0
Washington,2008-01-01,6562231.0
Washington,2009-01-01,6667426.0
Washington,2010-01-01,6742830.0
Washington,2011-01-01,6826627.0
Washington,2012-01-01,6897058.0
Washington,2013-01-01,6963985.0
Washington,2014-01-01,7054655.0
Washington,2015-01-01,7163657.0
Washington,2016-01-01,7294771.0
Washington,2017-01-01,7423362.0
Washington,2018-01-01,7523869.0
Washington,2019-01-01,7614893.0
West Virginia,2001-01-01,1801481.0
West Virginia,2002-01-01,1805414.0
West Virginia,2003-01-01,1812295.0
West Virginia,2004-01-01,1816438.0
West Virginia,2005-01-01,1820492.0
West Virginia,2006-01-01,1827912.0
West Virginia,2007-01-01,1834052.0
West Virginia,2008-01-01,1840310.0
West Virginia,2009-01-01,1847775.0
West Virginia,2010-01-01,1854239.0
West Virginia,2011-01-01,1856301.0
West Virginia,2012-01-01,1856872.0
West Virginia,2013-01-01,1853914.0
West Virginia,2014-01-01,1849489.0
West Virginia,2015-01-01,1842050.0
West Virginia,2016-01-01,1831023.0
West Virginia,2017-01-01,1817004.0
West Virginia,2018-01-01,1804291.0
West Virginia,2019-01-01,1792147.0
Wisconsin,2001-01-01,5406835.0
Wisconsin,2002-01-01,5445162.0
Wisconsin,2003-01-01,5479203.0
Wisconsin,2004-01-01,5514026.0
Wisconsin,2005-01-01,5546166.0
Wisconsin,2006-01-01,5577655.0
Wisconsin,2007-01-01,5610775.0
Wisconsin,2008-01-01,5640996.0
Wisconsin,2009-01-01,5669264.0
Wisconsin,2010-01-01,5690475.0
Wisconsin,2011-01-01,5705288.0
Wisconsin,2012-01-01,5719960.0
Wisconsin,2013-01-01,5736754.0
Wisconsin,2014-01-01,5751525.0
Wisconsin,2015-01-01,5760940.0
Wisconsin,2016-01-01,5772628.0
Wisconsin,2017-01-01,5790186.0
Wisconsin,2018-01-01,5807406.0
Wisconsin,2019-01-01,5822434.0
Wyoming,2001-01-01,494657.0
Wyoming,2002-01-01,500017.0
Wyoming,2003-01-01,503453.0
Wyoming,2004-01-01,509106.0
Wyoming,2005-01-01,514157.0
Wyoming,2006-01-01,522667.0
Wyoming,2007-01-01,534876.0
Wyoming,2008-01-01,546043.0
Wyoming,2009-01-01,559851.0
Wyoming,2010-01-01,564487.0
Wyoming,2011-01-01,567299.0
Wyoming,2012-01-01,576305.0
Wyoming,2013-01-01,582122.0
Wyoming,2014-01-01,582531.0
Wyoming,2015-01-01,585613.0
Wyoming,2016-01-01,584215.0
Wyoming,2017-01-01,578931.0
Wyoming,2018-01-01,577601.0
Wyoming,2019-01-01,578759.0
